Name,Price,Description,Image URL,Recommended With
On Guard 5ml,CLIENT TO PROVIDE,"Proprietary protective blend of Wild Orange, Clove, Cinnamon, Eucalyptus, and Rosemary. Renowned for immune defense and seasonal support.",https://doterra.canto.com/rest/v/DigitalMarketingKit/binary/image/2ev4mfbavd1pnat9bssmbimf5t,"product:Petal Diffuser, product:Fractionated Coconut Oil"
On Guard 15ml,CLIENT TO PROVIDE,"Full-size protective blend formulated to purify the air, provide uplifting aromas, and offer potent natural defensive properties.",https://doterra.canto.com/rest/v/DigitalMarketingKit/binary/image/2ev4mfbavd1pnat9bssmbimf5t,"product:Pebble Diffuser, product:Tea Tree 15ml"
Lavender 5ml,CLIENT TO PROVIDE,"Pure, calming floral oil celebrated for centuries to ease emotional tension, soothe skin irritations, and promote restorative sleep.",https://doterra.canto.com/rest/v/DigitalMarketingKit/binary/image/i6o9oe27890rrdib2af4b8sp7m,"product:Peppermint 5ml, product:Petal Diffuser"
Lavender 15ml,₹399,"Our signature high-altitude Lavender oil. Essential for daily relaxation, nighttime diffusion, and gentle topical nourishment.",https://drive.google.com/file/d/1WTTviYMK7olgPk-lcavkPdmMrPCZRG6M/view?usp=drive_link,"product:Peppermint 15ml, course:Preliminary Consultation"
MetaPWR Blend 15ml,CLIENT TO PROVIDE,"Metabolic powerhouse blend of Grapefruit, Lemon, Peppermint, Ginger, and Cinnamon Bark formulated to invigorate energy and metabolic wellness.",https://doterra.canto.com/rest/v/DigitalMarketingKit/album/coverurl/e22330d0b3c44e01bfdcc81bc58672c4,"product:Lemon 15ml, product:Healthy Experience Kit"
Peppermint 5ml,CLIENT TO PROVIDE,"Crisp, menthol-rich botanical essence. Provides a revitalizing burst of mental clarity, clear breathing, and digestive ease.",https://doterra.canto.com/rest/v/DigitalMarketingKit/binary/image/8pc2idtfcd27h8f2tnupj2kh20,"product:Lavender 5ml, product:Lemon 15ml"
Peppermint 15ml,₹599,"High-menthol therapeutic Peppermint. Excellent for cooling massage after exertion, stimulating focus, and afternoon refreshment.",https://drive.google.com/file/d/1ZHKvTMS6zAlcpsm-0zljEAMqinAJBtuI/view?usp=drive_link,"product:Lavender 15ml, product:Wild Orange 15ml"
Breathe 5ml,CLIENT TO PROVIDE,"Remarkable respiratory blend combining Laurel Leaf, Peppermint, Eucalyptus, Melaleuca, Lemon, and Cardamom to foster open airways.",https://doterra.canto.com/rest/v/DigitalMarketingKit/album/coverurl/7ee1dd630d8d4759ac2f3b4746b82608,"product:Pebble Diffuser, product:On Guard 5ml"
Breathe 15ml,CLIENT TO PROVIDE,"Deep airway support blend designed for diffusion in bedrooms or work spaces. Calms the senses and supports easy, clear breathing.",https://doterra.canto.com/rest/v/DigitalMarketingKit/album/coverurl/7ee1dd630d8d4759ac2f3b4746b82608,"product:Bubble Diffuser, product:Frankincense 15ml"
Lemongrass 15ml,CLIENT TO PROVIDE,"Smoky, citrus herbaceous aroma with natural purifying properties. Ideal for invigorating massage and refreshing room mists.",https://doterra.canto.com/rest/v/DigitalMarketingKit/binary/image/2eb8qig88t3cf3hhjd6b5nd70s,"product:Fractionated Coconut Oil, product:Tea Tree 15ml"
Lemon 15ml,₹999,"Cold-pressed from lemon rinds, delivering an energizing, cleansing burst. Purifies ambient air and creates a radiant, positive ambiance.",https://drive.google.com/file/d/1FeSYh5DkyaHjIXx84I_VFFps20VXsOoc/view?usp=drive_link,"product:Lavender 15ml, product:Peppermint 15ml"
Wild Orange 15ml,CLIENT TO PROVIDE,"Cold-pressed from fresh orange peels, brimming with monoterpenes. Energizes both mind and body while dispelling feelings of stress.",https://doterra.canto.com/rest/v/DigitalMarketingKit/album/coverurl/d785845216c44334ac11d30afb43aaf6,"product:Peppermint 15ml, product:Pebble Diffuser"
DigestZen 5ml,CLIENT TO PROVIDE,"Targeted gastrointestinal blend of Anise, Peppermint, Ginger, Caraway, Coriander, Tarragon, and Fennel for digestive equilibrium.",https://doterra.canto.com/rest/v/DigitalMarketingKit/binary/image/c4rkupc0td6vp6bt3ri4rifi20,"product:Peppermint 5ml, product:Fractionated Coconut Oil"
DigestZen 15ml,CLIENT TO PROVIDE,"Comprehensive digestive support blend. Eases stomach upset, bloating, and post-meal discomfort through gentle topical abdominal application.",https://doterra.canto.com/rest/v/DigitalMarketingKit/binary/image/c4rkupc0td6vp6bt3ri4rifi20,"product:Ginger 15ml, product:Fennel 15ml"
Tea Tree 5ml,CLIENT TO PROVIDE,"Distilled from Melaleuca alternifolia, prized globally for purifying and skin-cleansing benefits. A wellness medicine-cabinet staple.",https://doterra.canto.com/rest/v/DigitalMarketingKit/album/coverurl/85aac5adbab64f55a6cae65c46012b89,"product:Lavender 5ml, product:Oregano 5ml"
Tea Tree 15ml,CLIENT TO PROVIDE,"Full-size purifying Melaleuca oil. Reinforces healthy skin barrier, clarifies blemishes, and naturally freshens household spaces.",https://doterra.canto.com/rest/v/DigitalMarketingKit/album/coverurl/85aac5adbab64f55a6cae65c46012b89,"product:Lavender 15ml, product:Lemongrass 15ml"
Rosemary 15ml,CLIENT TO PROVIDE,"Rich herbaceous profile that sharpens focus, stimulates memory retention, and nurtures healthy scalp and hair follicles.",https://doterra.canto.com/rest/v/DigitalMarketingKit/binary/image/1fgk6oleat7prd5ubshsthnc67,"product:Frankincense 15ml, product:Lemon 15ml"
Clove 15ml,CLIENT TO PROVIDE,"Exceptional antioxidant-dense oil derived from unopened flower buds. Promotes oral hygiene, warm circulation, and immune defense.",https://doterra.canto.com/rest/v/DigitalMarketingKit/binary/image/6lvjlia5ed0856q4nppc5plp2t,"product:On Guard 15ml, product:Fractionated Coconut Oil"
Turmeric 15ml,CLIENT TO PROVIDE,"Steam-distilled rhizome oil concentrated with turmerones and ar-turmerone. Supports healthy cellular function, skin glow, and joints.",https://doterra.canto.com/rest/v/DigitalMarketingKit/binary/image/6u5879s97d2unb7j1qkittla7t,"product:Frankincense 15ml, product:Deep Blue Rub"
Frankincense 5ml,CLIENT TO PROVIDE,"The revered 'King of Oils' harvested from Boswellia trees. Promotes cellular health, radiant complexion, and deep contemplative calm.",https://doterra.canto.com/rest/v/DigitalMarketingKit/binary/image/4gce02au0h4ppeucqust0ukt64,"product:Lavender 5ml, product:Petal Diffuser"
Frankincense 15ml,CLIENT TO PROVIDE,"Full-sized sacred Frankincense. An essential therapeutic cornerstone for cellular vitality, meditation practices, and advanced skincare.",https://doterra.canto.com/rest/v/DigitalMarketingKit/binary/image/4gce02au0h4ppeucqust0ukt64,"product:Rosemary 15ml, product:Turmeric 15ml"
Deep Blue Rub,CLIENT TO PROVIDE,"Rich topical cream formulated with the Deep Blue soothing botanical blend. Delivers an immediate cooling and comforting sensation to overworked muscles.",https://doterra.canto.com/rest/v/DigitalMarketingKit/binary/image/nn1e92snf148l0qcfup2buqk1i,"product:Athletes Kit, product:Turmeric 15ml"
Fennel 15ml,CLIENT TO PROVIDE,"Sweet, anise-like aroma with historic use supporting healthy metabolism, lymphatic flow, and calming digestive spasms.",https://doterra.canto.com/rest/v/DigitalMarketingKit/binary/image/vace42udsd3hj41naqj229o469,"product:DigestZen 15ml, product:Ginger 15ml"
Ginger 15ml,CLIENT TO PROVIDE,"Warm, pungent spice oil distilled from Jamaican ginger roots. Known for digestive comfort, joint warming, and emotional courage.",https://doterra.canto.com/rest/v/DigitalMarketingKit/binary/image/0e1gt550kp40ra0sl27drtpj22,"product:DigestZen 15ml, product:MetaPWR Blend 15ml"
Oregano 5ml,CLIENT TO PROVIDE,"One of the most potent purifying essential oils on Earth. High in carvacrol, offering robust immune support and natural cleansing power.",https://doterra.canto.com/rest/v/DigitalMarketingKit/binary/image/a8b0ht37dt6nd1v5277msa6358,"product:Fractionated Coconut Oil, product:Tea Tree 5ml"
Oregano 15ml,CLIENT TO PROVIDE,"Full-size concentrated Oregano oil. Must always be diluted with carrier oil; acts as an unmatched natural immune shield.",https://doterra.canto.com/rest/v/DigitalMarketingKit/binary/image/a8b0ht37dt6nd1v5277msa6358,"product:Fractionated Coconut Oil, product:On Guard 15ml"
Introductory Kit (3 oils),CLIENT TO PROVIDE,"The ideal foundational trio: includes 5ml bottles of pure Lavender, Lemon, and Peppermint with comprehensive usage recommendations.",https://doterra.canto.com/rest/v/DigitalMarketingKit/binary/image/u77sj0cvjd0ib335hb26vi9t6c,"product:Petal Diffuser, course:Preliminary Consultation"
Athletes Kit,CLIENT TO PROVIDE,"Purpose-built for active movers, athletes, and fitness enthusiasts. Includes Deep Blue Rub, Breathe, On Guard, Lavender, Melaleuca, and Peppermint.",https://doterra.canto.com/rest/v/DigitalMarketingKit/binary/image/mrphkv31k12gr2vrc9qu9bu30q,"product:Fractionated Coconut Oil, product:Bubble Diffuser"
Fractionated Coconut Oil,CLIENT TO PROVIDE,"All-natural, completely liquid carrier oil that absorbs seamlessly into the skin without clogging pores or leaving an oily residue.",https://doterra.canto.com/rest/v/DigitalMarketingKit/binary/image/obt8vhu9m52gle1j337np58a5t,"product:Oregano 15ml, product:Deep Blue Rub"
Family Essential Kit,CLIENT TO PROVIDE,"Complete household wellness starter collection containing 10 essential single oils and blends to address every everyday family health need.",https://doterra.canto.com/rest/v/DigitalMarketingKit/binary/image/opi50mkmrd0sn0kj1860ua0l53,"product:Petal Diffuser, product:Fractionated Coconut Oil"
Healthy Experience Kit,CLIENT TO PROVIDE,"Holistic lifestyle transformation set featuring key therapeutic-grade oils, foundational blends, and daily wellness essentials.",https://doterra.canto.com/rest/v/DigitalMarketingKit/binary/image/su9i6sp3o953rfr5mel8r7ef5f,"product:Pebble Diffuser, course:Initiating & Primary Training"
Pebble Diffuser,CLIENT TO PROVIDE,"Sleek, modern ultrasonic diffuser with handcrafted slate-look aesthetic, continuous or intermittent mist modes, and soothing warm light.",https://doterra.canto.com/rest/v/DigitalMarketingKit/binary/image/eg9f9vg8491ph9j96sg7hp6i2g,"product:Breathe 15ml, product:Lavender 15ml"
Petal Diffuser,CLIENT TO PROVIDE,"Convenient, high-output ultrasonic diffuser dispersing therapeutic mist up to 330 square feet with 2, 6, and 12-hour run times.",https://doterra.canto.com/rest/v/DigitalMarketingKit/binary/image/2rqt2v8l393nncokh1jhv3sm35,"product:On Guard 15ml, product:Family Essential Kit"
Bubble Diffuser,CLIENT TO PROVIDE,"Waterless, motion-sensor activated ambient diffuser designed to automatically mist aromatic bursts whenever presence is detected.",https://doterra.canto.com/rest/v/DigitalMarketingKit/binary/image/0vuk7nv7it4r3atadhepk07o71,"product:Wild Orange 15ml, product:Breathe 15ml"
